"X","Y"
"0.5004675213691328","0.0"
"0.5004677647114","0.00042426432314365825"
"0.5004684947378817","0.0008485280879991329"
"0.500469711447617","0.0012727907362789755"
"0.500471414839005","0.0016970517096972066"
"0.5004736049098042","0.00212131044997005"
"0.5004762816571325","0.0025455663988166698"
"0.5004794450774679","0.0029698189979599013"
"0.5004830951666474","0.003394067689126989"
"0.5004872319198679","0.0038183119140503194"
"0.5004918553316859","0.004242551114468157"
"0.5004969653960176","0.004666784732125377"
"0.5005025621061385","0.005091012208774201"
"0.5005086454546839","0.005515232986174931"
"0.5005152154336489","0.005939446506096686"
"0.5005222720343878","0.006363652210318136"
"0.5005298152476152","0.006787849540628232"
"0.5005378450634048","0.007212037938826944"
"0.5005463614711902","0.007636216846726004"
"0.5005553644597647","0.008060385706149621"
"0.5005648540172813","0.008484543958935236"
"0.5005748301312527","0.008908691046934241"
"0.5005852927885515","0.00933282641201272"
"0.5005962419754096","0.00975694949605219"
"0.5006076776774193","0.010181059740950318"
"0.5006195998795322","0.010605156588621675"
"0.50063200856606","0.01102923948099846"
"0.5006449037206744","0.01145330786003123"
"0.5006582853264061","0.011877361167689648"
"0.5006721533656469","0.012301398845963199"
"0.5006865078201475","0.012725420336861946"
"0.500701348671019","0.013149425082417244"
"0.5007166758987324","0.013573412524682494"
"0.5007324894831187","0.013997382105733853"
"0.5007487894033686","0.014421333267670984"
"0.5007655756380336","0.014845265452617802"
"0.5007828481650242","0.015269178102723178"
"0.5008006069616118","0.015693070660161693"
"0.5008188520044277","0.01611694256713437"
"0.500837583269463","0.016540793265869408"
"0.5008568007320696","0.016964622198622905"
"0.5008765043669592","0.01738842880767961"
"0.5008966941482038","0.017812212535353644"
"0.5009173700492359","0.018235972823989238"
"0.5009385320428479","0.018659709115961463"
"0.5009601801011928","0.019083420853676973"
"0.5009823141957841","0.019507107479574733"
"0.5010049342974957","0.01993076843612674"
"0.5010280403765617","0.020354403165838794"
"0.5010516324025769","0.020778011111251177"
"0.5010757103444967","0.02120159171493944"
"0.501100274170637","0.021625144419515102"
"0.5011253238486743","0.02204866866762639"
"0.5011508593456457","0.022472163901958993"
"0.5011768806279493","0.022895629565236764"
"0.5012033876613436","0.023319065100222476"
"0.5012303804109484","0.023742469949718546"
"0.5012578588412435","0.02416584355656776"
"0.5012858229160705","0.02458918536365404"
"0.5013142725986315","0.025012494813903132"
"0.5013432078514894","0.025435771350283364"
"0.5013726286365688","0.025859014415806382"
"0.5014025349151547","0.02628222345352787"
"0.5014329266478935","0.0267053979065483"
"0.5014638037947929","0.027128537218013633"
"0.5014951663152218","0.027551640831116088"
"0.5015270141679102","0.02797470818909487"
"0.5015593473109496","0.028397738735236863"
"0.5015921657017932","0.02882073191287741"
"0.501625469297255","0.029243687165401024"
"0.5016592580535113","0.029666603936242136"
"0.5016935319260991","0.03008948166888579"
"0.5017282908699179","0.030512319806868405"
"0.5017635348392282","0.030935117793778538"
"0.5017992637876529","0.031357875073257525"
"0.501835477668176","0.031780591089000304"
"0.5018721764331442","0.032203265284756116"
"0.5019093600342652","0.03262589710432922"
"0.5019470284226097","0.033048485991579626"
"0.5019851815486097","0.033471031390423865"
"0.5020238193620596","0.03389353274483567"
"0.5020629418121162","0.034315989498846754"
"0.5021025488472981","0.0347384010965475"
"0.5021426404154868","0.03516076698208773"
"0.5021832164639258","0.0355830865996774"
"0.5022242769392212","0.03600535939358736"
"0.5022658217873416","0.03642758480815007"
"0.5023078509536183","0.03684976228776035"
"0.5023503643827453","0.03727189127687609"
"0.5023933620187792","0.037693971220018975"
"0.5024368438051395","0.03811600156177525"
"0.5024808096846087","0.038537981746796415"
"0.5025252595993325","0.038959911219799984"
"0.5025701934908189","0.039381789425570184"
"0.5026156112999398","0.03980361580895873"
"0.5026615129669301","0.040225389814885514"
"0.5027078984313877","0.04064711088833934"
"0.5027547676322743","0.041068778474378696"
"0.5028021205079148","0.041490392018132434"
"0.5028499569959977","0.04191195096480052"
"0.502898277033575","0.04233345475965476"
"0.5029470805570626","0.04275490284803955"
"0.5029963675022402","0.043176294675372595"
"0.503046137804251","0.0435976296871456"
"0.5030963913976025","0.04401890732892506"
"0.5031471282161661","0.04444012704635296"
"0.5031983481931777","0.044861288285147495"
"0.5032500512612367","0.04528239049110384"
"0.5033022373523073","0.04570343311009481"
"0.5033549063977178","0.04612441558807166"
"0.5034080583281616","0.04654533737106478"
"0.5034616930736959","0.04696619790518444"
"0.503515810563743","0.04738699663662148"
"0.5035704107270897","0.04780773301164806"
"0.503625493491888","0.048228406476618434"
"0.5036810587856545","0.048649016477969625"
"0.5037371065352712","0.04906956246222214"
"0.5037936366669847","0.04949004387598076"
"0.5038506491064074","0.04991046016593523"
"0.5039081437785169","0.05033081077886095"
"0.503966120607656","0.050751095161619804"
"0.5040245795175329","0.051171312761160805"
"0.5040835204312222","0.0515914630245208"
"0.5041429432711633","0.05201154539882535"
"0.504202847959162","0.05243155933128922"
"0.50426323441639","0.05285150426921736"
"0.5043241025633849","0.05327137966000542"
"0.5043854523200504","0.053691184951140586"
"0.5044472836056565","0.05411091959020234"
"0.5045095963388397","0.05453058302486308"
"0.5045723904376027","0.054950174702888904"
"0.5046356658193152","0.055369694072140374"
"0.5046994224007132","0.05578914058057316"
"0.5047636600978995","0.05620851367623883"
"0.5048283788263439","0.056627812807285564"
"0.5048935785008832","0.05704703742195883"
"0.5049592590357217","0.05746618696860222"
"0.50502542034443","0.05788526089565806"
"0.5050920623399471","0.05830425865166817"
"0.5051591849345787","0.05872317968527466"
"0.5052267880399985","0.059142023445220536"
"0.5052948715672478","0.059560789380350525"
"0.5053634354267356","0.05997947693961178"
"0.505432479528239","0.06039808557205454"
"0.505502003780903","0.06081661472683293"
"0.5055720080932409","0.06123506385320567"
"0.5056424923731342","0.06165343240053677"
"0.5057134565278327","0.06207171981829629"
"0.5057849004639552","0.06248992555606102"
"0.5058568240874884","0.06290804906351526"
"0.5059292273037886","0.06332608979045151"
"0.5060021100175806","0.06374404718677121"
"0.5060754721329579","0.06416192070248541"
"0.5061493135533839","0.06457970978771561"
"0.5062236341816907","0.06499741389269435"
"0.50629843392008","0.06541503246776603"
"0.5063737126701231","0.06583256496338759"
"0.5064494703327609","0.06625001083012921"
"0.506525706808304","0.06666736951867512"
"0.5066024219964331","0.06708464047982424"
"0.5066796157961991","0.06750182316449091"
"0.5067572881060227","0.06791891702370569"
"0.5068354388236952","0.06833592150861596"
"0.5069140678463783","0.06875283607048675"
"0.5069931750706043","0.0691696601607014"
"0.5070727603922761","0.06958639323076231"
"0.5071528237066678","0.07000303473229164"
"0.5072333649084242","0.07041958411703207"
"0.5073143838915615","0.0708360408368475"
"0.5073958805494669","0.0712524043437237"
"0.5074778547748994","0.07166867408976917"
"0.5075603064599891","0.07208484952721578"
"0.5076432354962381","0.07250093010841946"
"0.5077266417745205","0.07291691528586103"
"0.5078105251850822","0.07333280451214676"
"0.5078948856175411","0.07374859724000928"
"0.5079797229608877","0.07416429292230813"
"0.5080650371034846","0.07457989101203057"
"0.5081508279330674","0.07499539096229231"
"0.5082370953367441","0.07541079222633815"
"0.5083238392009957","0.07582609425754279"
"0.5084110594116762","0.07624129650941154"
"0.5084987558540126","0.0766563984355809"
"0.5085869284126057","0.07707139948981952"
"0.5086755769714293","0.07748629912602868"
"0.5087647014138311","0.0779010967982432"
"0.5088543016225324","0.078315791960632"
"0.5089443774796288","0.07873038406749894"
"0.5090349288665895","0.07914487257328348"
"0.5091259556642582","0.0795592569325614"
"0.5092174577528532","0.07997353660004557"
"0.5093094350119669","0.0803877110305865"
"0.5094018873205668","0.08080177967917336"
"0.5094948145569953","0.08121574200093439"
"0.5095882165989696","0.08162959745113775"
"0.5096820933235824","0.08204334548519229"
"0.5097764446073012","0.0824569855586482"
"0.5098712703259698","0.08287051712719767"
"0.5099665703548072","0.08328393964667576"
"0.5100623445684083","0.08369725257306095"
"0.5101585928407442","0.084110455362476"
"0.5102553150451619","0.08452354747118854"
"0.5103525110543852","0.08493652835561186"
"0.510450180740514","0.08534939747230566"
"0.5105483239750249","0.08576215427797666"
"0.5106469406287718","0.08617479822947938"
"0.5107460305719851","0.08658732878381684"
"0.5108455936742728","0.08699974539814131"
"0.51094562980462","0.08741204752975495"
"0.5110461388313896","0.08782423463611061"
"0.5111471206223219","0.08823630617481248"
"0.5112485750445352","0.0886482616036168"
"0.5113505019645261","0.08906010038043266"
"0.5114529012481692","0.08947182196332258"
"0.5115557727607175","0.08988342581050336"
"0.5116591163668027","0.0902949113803467"
"0.5117629319304355","0.09070627813137992"
"0.511867219315005","0.09111752552228673"
"0.5119719783832799","0.0915286530119079"
"0.5120772089974078","0.09193966005924194"
"0.5121829110189164","0.09235054612344587"
"0.5122890843087125","0.09276131066383597"
"0.512395728727083","0.09317195313988832"
"0.512502844133695","0.09358247301123974"
"0.5126104303875952","0.0939928697376883"
"0.5127184873472117","0.09440314277919416"
"0.5128270148703522","0.09481329159588019"
"0.5129360128142061","0.09522331564803282"
"0.5130454810353431","0.09563321439610253"
"0.5131554193897141","0.0960429873007048"
"0.5132658277326518","0.09645263382262068"
"0.5133767059188701","0.09686215342279743"
"0.5134880538024648","0.09727154556234947"
"0.5135998712369134","0.0976808097025589"
"0.5137121580750756","0.09808994530487614"
"0.5138249141691938","0.0984989518309209"
"0.5139381393708924","0.09890782874248275"
"0.5140518335311787","0.09931657550152163"
"0.5141659965004428","0.09972519157016899"
"0.514280628128458","0.10013367641072808"
"0.514395728264381","0.10054202948567487"
"0.5145112967567518","0.10095025025765879"
"0.5146273334534942","0.1013583381895033"
"0.5147438382019157","0.10176629274420668"
"0.5148608108487083","0.10217411338494273"
"0.5149782512399477","0.10258179957506144"
"0.5150961592210948","0.1029893507780898"
"0.5152145346369945","0.1033967664577323"
"0.5153333773318771","0.10380404607787186"
"0.5154526871493579","0.10421118910257046"
"0.5155724639324373","0.10461819499606974"
"0.5156927075235016","0.10502506322279183"
"0.5158134177643223","0.10543179324734006"
"0.5159345944960575","0.10583838453449952"
"0.5160562375592508","0.10624483654923797"
"0.5161783467938326","0.10665114875670638"
"0.5163009220391197","0.10705732062223969"
"0.5164239631338157","0.10746335161135755"
"0.5165474699160111","0.10786924118976494"
"0.5166714422231837","0.10827498882335297"
"0.5167958798921989","0.10868059397819953"
"0.5169207827593093","0.10908605612056994"
"0.5170461506601557","0.10949137471691779"
"0.5171719834297668","0.10989654923388548"
"0.5172982809025596","0.1103015791383051"
"0.5174250429123397","0.11070646389719893"
"0.5175522692923011","0.11111120297778034"
"0.5176799598750275","0.11151579584745433"
"0.5178081144924908","0.11192024197381832"
"0.5179367329760527","0.11232454082466287"
"0.5180658151564648","0.11272869186797228"
"0.518195360863868","0.11313269457192537"
"0.5183253699277935","0.11353654840489616"
"0.518455842177163","0.11394025283545457"
"0.5185867774402881","0.11434380733236714"
"0.5187181755448717","0.11474721136459767"
"0.5188500363180073","0.11515046440130797"
"0.5189823595861798","0.11555356591185857"
"0.5191151451752652","0.11595651536580932"
"0.5192483929105316","0.11635931223292026"
"0.5193821026166385","0.11676195598315216"
"0.5195162741176379","0.11716444608666726"
"0.5196509072369737","0.11756678201383003"
"0.5197860017974825","0.1179689632352078"
"0.519921557621394","0.11837098922157148"
"0.5200575745303306","0.1187728594438962"
"0.5201940523453081","0.1191745733733622"
"0.5203309908867355","0.1195761304813552"
"0.5204683899744162","0.11997753023946742"
"0.5206062494275467","0.12037877211949811"
"0.5207445690647183","0.1207798555934542"
"0.5208833487039168","0.12118078013355116"
"0.5210225881625223","0.12158154521221355"
"0.52116228725731","0.12198215030207576"
"0.5213024458044502","0.12238259487598274"
"0.5214430636195088","0.12278287840699062"
"0.5215841405174472","0.12318300036836752"
"0.5217256763126228","0.12358296023359407"
"0.5218676708187888","0.12398275747636425"
"0.5220101238490953","0.1243823915705861"
"0.5221530352160887","0.1247818619903822"
"0.5222964047317122","0.12518116821009065"
"0.5224402322073067","0.12558030970426556"
"0.5225845174536096","0.12597928594767774"
"0.5227292602807565","0.12637809641531558"
"0.5228744604982809","0.12677674058238556"
"0.5230201179151139","0.12717521792431294"
"0.5231662323395857","0.12757352791674254"
"0.5233128035794246","0.12797167003553947"
"0.5234598314417579","0.12836964375678964"
"0.5236073157331121","0.12876744855680058"
"0.5237552562594131","0.12916508391210216"
"0.5239036528259864","0.1295625492994471"
"0.5240525052375572","0.12995984419581194"
"0.5242018132982513","0.13035696807839744"
"0.5243515768115945","0.13075392042462947"
"0.5245017955805134","0.13115070071215956"
"0.5246524694073358","0.13154730841886575"
"0.5248035980937902","0.13194374302285303"
"0.524955181441007","0.13234000400245433"
"0.5251072192495178","0.13273609083623097"
"0.5252597113192568","0.13313200300297345"
"0.52541265744956","0.1335277399817021"
"0.5255660574391662","0.13392330125166774"
"0.5257199110862165","0.13431868629235252"
"0.5258742181882556","0.13471389458347038"
"0.5260289785422312","0.1351089256049679"
"0.5261841919444944","0.1355037788370249"
"0.5263398581908005","0.1358984537600552"
"0.5264959770763089","0.13629294985470716"
"0.5266525483955828","0.1366872666018646"
"0.5268095719425908","0.1370814034826472"
"0.526967047510706","0.13747535997841137"
"0.5271249748927067","0.137869135570751"
"0.5272833538807766","0.1382627297414979"
"0.5274421842665056","0.1386561419727226"
"0.527601465840889","0.13904937174673515"
"0.5277611983943287","0.1394424185460856"
"0.527921381716633","0.13983528185356486"
"0.5280820155970174","0.14022796115220523"
"0.5282430998241039","0.14062045592528116"
"0.5284046341859225","0.1410127656563099"
"0.5285666184699106","0.1414048898290523"
"0.5287290524629134","0.14179682792751325"
"0.5288919359511846","0.1421885794359425"
"0.5290552687203861","0.14258014383883552"
"0.529219050555589","0.14297152062093374"
"0.5293832812412733","0.14336270926722564"
"0.5295479605613281","0.1437537092629472"
"0.5297130882990526","0.14414452009358275"
"0.5298786642371556","0.14453514124486533"
"0.530044688157756","0.1449255722027778"
"0.5302111598423837","0.14531581245355318"
"0.530378079071979","0.14570586148367545"
"0.5305454456268932","0.14609571877988023"
"0.5307132592868895","0.1464853838291555"
"0.5308815198311421","0.1468748561187421"
"0.5310502270382376","0.14726413513613457"
"0.5312193806861745","0.14765322036908185"
"0.5313889805523642","0.14804211130558775"
"0.5315590264136306","0.14843080743391188"
"0.5317295180462109","0.1488193082425701"
"0.5319004552257558","0.14920761322033535"
"0.5320718377273292","0.14959572185623823"
"0.5322436653254098","0.14998363363956776"
"0.5324159377938898","0.15037134805987193"
"0.5325886549060767","0.15075886460695842"
"0.5327618164346922","0.15114618277089542"
"0.5329354221518738","0.15153330204201207"
"0.5331094718291742","0.15192022191089918"
"0.5332839652375618","0.15230694186841012"
"0.5334589021474214","0.15269346140566117"
"0.533634282328554","0.15307978001403244"
"0.5338101055501774","0.15346589718516837"
"0.5339863715809261","0.1538518124109785"
"0.5341630801888524","0.15423752518363815"
"0.5343402311414257","0.15462303499558894"
"0.5345178242055338","0.15500834133953972"
"0.5346958591474824","0.15539344370846692"
"0.5348743357329959","0.15577834159561552"
"0.5350532537272175","0.15616303449449948"
"0.5352326128947095","0.15654752189890253"
"0.5354124129994535","0.15693180330287884"
"0.5355926538048514","0.15731587820075366"
"0.5357733350737248","0.15769974608712387"
"0.5359544565683154","0.1580834064568589"
"0.5361360180502863","0.15846685880510122"
"0.5363180192807213","0.15885010262726693"
"0.5365004600201253","0.15923313741904663"
"0.5366833400284252","0.159615962676406"
"0.5368666590649696","0.15999857789558633"
"0.5370504168885295","0.16038098257310543"
"0.5372346132572989","0.16076317620575808"
"0.5374192479288938","0.1611451582906168"
"0.5376043206603544","0.16152692832503246"
"0.5377898312081438","0.16190848580663503"
"0.5379757793281492","0.16228983023333407"
"0.5381621647756822","0.1626709611033196"
"0.5383489873054786","0.16305187791506265"
"0.5385362466716992","0.16343258016731588"
"0.53872394262793","0.16381306735911427"
"0.5389120749271823","0.1641933389897759"
"0.5391006433218934","0.1645733945589024"
"0.5392896475639268","0.16495323356637975"
"0.5394790874045723","0.16533285551237892"
"0.5396689625945466","0.16571225989735655"
"0.5398592728839935","0.16609144622205543"
"0.5400500180224841","0.16647041398750545"
"0.5402411977590177","0.166849162695024"
"0.5404328118420212","0.16722769184621677"
"0.5406248600193504","0.16760600094297837"
"0.5408173420382894","0.16798408948749297"
"0.5410102576455518","0.1683619569822349"
"0.5412036065872806","0.1687396029299695"
"0.5413973886090484","0.16911702683375354"
"0.5415916034558581","0.169494228196936"
"0.5417862508721428","0.1698712065231587"
"0.5419813306017667","0.17024796131635703"
"0.5421768423880249","0.17062449208076036"
"0.5423727859736438","0.17100079832089302"
"0.5425691611007821","0.1713768795415747"
"0.5427659675110301","0.17175273524792126"
"0.5429632049454112","0.17212836494534522"
"0.5431608731443808","0.17250376813955656"
"0.5433589718478281","0.1728789443365634"
"0.5435575007950756","0.17325389304267239"
"0.5437564597248796","0.17362861376448963"
"0.5439558483754308","0.17400310600892127"
"0.5441556664843539","0.174377369283174"
"0.5443559137887091","0.1747514030947559"
"0.5445565900249913","0.17512520695147699"
"0.5447576949291317","0.1754987803614498"
"0.5449592282364966","0.17587212283309023"
"0.5451611896818889","0.176245233875118"
"0.5453635789995481","0.17661811299655739"
"0.5455663959231509","0.17699075970673783"
"0.545769640185811","0.17736317351529463"
"0.5459733115200799","0.1777353539321695"
"0.546177409657947","0.17810730046761133"
"0.54638193433084","0.1784790126321768"
"0.5465868852696258","0.17885048993673094"
"0.5467922622046102","0.1792217318924479"
"0.5469980648655377","0.17959273801081135"
"0.5472042929815937","0.1799635078036155"
"0.5474109462814029","0.18033404078296547"
"0.5476180244930309","0.18070433646127795"
"0.5478255273439843","0.181074394351282"
"0.5480334545612104","0.1814442139660195"
"0.5482418058710987","0.1818137948188459"
"0.54845058099948","0.1821831364234308"
"0.5486597796716279","0.1825522382937587"
"0.5488694016122584","0.1829210999441295"
"0.5490794465455308","0.18328972088915926"
"0.5492899141950474","0.18365810064378077"
"0.5495008042838543","0.18402623872324414"
"0.5497121165344422","0.18439413464311755"
"0.5499238506687456","0.18476178791928785"
"0.5501360064081444","0.1851291980679612"
"0.5503485834734634","0.1854963646056636"
"0.550561581584973","0.18586328704924174"
"0.5507750004623897","0.18622996491586338"
"0.5509888398248762","0.18659639772301823"
"0.551203099391042","0.1869625849885184"
"0.5514177788789432","0.18732852623049917"
"0.5516328780060841","0.18769422096741947"
"0.5518483964894163","0.18805966871806276"
"0.5520643340453395","0.18842486900153738"
"0.5522806903897022","0.1887898213372773"
"0.5524974652378016","0.1891545252450428"
"0.5527146583043845","0.18951898024492111"
"0.5529322693036471","0.18988318585732697"
"0.5531502979492358","0.19024714160300327"
"0.5533687439542472","0.19061084700302172"
"0.5535876070312289","0.1909743015787834"
"0.5538068868921797","0.1913375048520195"
"0.5540265832485496","0.19170045634479196"
"0.5542466958112412","0.1920631555794939"
"0.5544672242906088","0.19242560207885048"
"0.5546881683964595","0.19278779536591945"
"0.5549095278380538","0.19314973496409166"
"0.5551313023241053","0.1935114203970919"
"0.5553534915627818","0.19387285118897932"
"0.555576095261705","0.1942340268641482"
"0.5557991131279514","0.19459494694732854"
"0.5560225448680525","0.19495561096358674"
"0.5562463901879948","0.1953160184383259"
"0.5564706487932213","0.19567616889728703"
"0.5566953203886305","0.1960360618665491"
"0.5569204046785778","0.19639569687253006"
"0.5571459013668755","0.1967550734419872"
"0.557371810156793","0.19711419110201797"
"0.5575981307510578","0.19747304938006055"
"0.5578248628518551","0.1978316478038943"
"0.5580520061608288","0.1981899859016406"
"0.5582795603790818","0.19854806320176346"
"0.5585075252071762","0.19890587923306996"
"0.5587359003451335","0.19926343352471104"
"0.5589646854924358","0.19962072560618205"
"0.5591938803480252","0.19997775500732337"
"0.559423484610305","0.20033452125832107"
"0.5596534979771396","0.2006910238897075"
"0.559883920145855","0.20104726243236185"
"0.5601147508132394","0.20140323641751087"
"0.5603459896755434","0.2017589453767295"
"0.5605776364284804","0.20211438884194124"
"0.5608096907672271","0.20246956634541918"
"0.561042152386424","0.2028244774197862"
"0.5612750209801755","0.2031791215980159"
"0.5615082962420503","0.20353349841343307"
"0.5617419778650825","0.20388760739971423"
"0.5619760655417709","0.20424144809088846"
"0.5622105589640802","0.20459502002133773"
"0.5624454578234415","0.20494832272579785"
"0.5626807618107516","0.20530135573935884"
"0.562916470616375","0.20565411859746552"
"0.563152583930143","0.20600661083591834"
"0.5633891014413549","0.2063588319908738"
"0.5636260228387779","0.20671078159884498"
"0.5638633478106481","0.2070624591967026"
"0.5641010760446699","0.207413864321675"
"0.5643392072280176","0.20776499651134928"
"0.5645777410473348","0.2081158553036716"
"0.564816677188736","0.2084664402369479"
"0.5650560153378056","0.20881675084984444"
"0.5652957551795992","0.20916678668138855"
"0.5655358963986439","0.20951654727096916"
"0.5657764386789385","0.2098660321583372"
"0.5660173817039541","0.21021524088360663"
"0.5662587251566347","0.21056417298725472"
"0.5665004687193969","0.21091282801012265"
"0.566742612074131","0.21126120549341634"
"0.5669851549022016","0.2116093049787069"
"0.5672280968844471","0.21195712600793115"
"0.5674714377011808","0.21230466812339255"
"0.5677151770321913","0.21265193086776135"
"0.5679593145567428","0.21299891378407554"
"0.5682038499535753","0.2133456164157413"
"0.5684487829009055","0.21369203830653363"
"0.5686941130764268","0.21403817900059702"
"0.5689398401573099","0.21438403804244596"
"0.5691859638202034","0.21472961497696547"
"0.5694324837412337","0.21507490934941198"
"0.5696793995960061","0.21541992070541355"
"0.5699267110596047","0.21576464859097075"
"0.570174417806593","0.2161090925524572"
"0.5704225195110144","0.21645325213662003"
"0.5706710158463928","0.21679712689058073"
"0.5709199064857324","0.21714071636183555"
"0.5711691911015189","0.21748402009825593"
"0.5714188693657192","0.21782703764808964"
"0.5716689409497825","0.21816976855996087"
"0.5719194055246404","0.2185122123828709"
"0.5721702627607071","0.21885436866619906"
"0.5724215123278806","0.2191962369597029"
"0.5726731538955421","0.21953781681351872"
"0.5729251871325571","0.2198791077781628"
"0.5731776117072762","0.22022010940453127"
"0.5734304272875342","0.22056082124390106"
"0.5736836335406521","0.22090124284793056"
"0.5739372301334364","0.22124137376865993"
"0.5741912167321803","0.22158121355851182"
"0.5744455930026633","0.2219207617702921"
"0.5747003586101525","0.22226001795719022"
"0.5749555132194024","0.22259898167278003"
"0.5752110564946562","0.22293765247102013"
"0.575466988099645","0.2232760299062546"
"0.5757233076975892","0.22361411353321362"
"0.5759800149511985","0.22395190290701383"
"0.5762371095226728","0.22428939758315924"
"0.5764945910737018","0.2246265971175416"
"0.5767524592654665","0.22496350106644097"
"0.5770107137586389","0.22530010898652653"
"0.5772693542133825","0.22563642043485682"
"0.5775283802893532","0.2259724349688806"
"0.5777877916456994","0.22630815214643732"
"0.5780475879410623","0.22664357152575773"
"0.5783077688335768","0.2269786926654645"
"0.5785683339808716","0.22731351512457262"
"0.5788292830400699","0.2276480384624903"
"0.5790906156677895","0.22798226223901913"
"0.5793523315201434","0.22831618601435508"
"0.5796144302527407","0.22864980934908888"
"0.5798769115206864","0.22898313180420646"
"0.5801397749785822","0.22931615294108984"
"0.5804030202805267","0.22964887232151748"
"0.5806666470801163","0.22998128950766492"
"0.5809306550304452","0.2303134040621053"
"0.5811950437841061","0.23064521554781006"
"0.5814598129931907","0.23097672352814952"
"0.5817249623092899","0.23130792756689317"
"0.5819904913834946","0.23163882722821072"
"0.5822563998663957","0.2319694220766722"
"0.5825226874080849","0.2322997116772488"
"0.5827893536581555","0.2326296955953134"
"0.5830563982657021","0.23295937339664113"
"0.5833238208793214","0.23328874464740998"
"0.5835916211471128","0.23361780891420122"
"0.5838597987166787","0.23394656576400025"
"0.5841283532351249","0.23427501476419677"
"0.5843972843490615","0.23460315548258576"
"0.5846665917046028","0.23493098748736777"
"0.5849362749473679","0.23525851034714962"
"0.5852063337224814","0.23558572363094496"
"0.585476767674574","0.23591262690817488"
"0.5857475764477822","0.23623921974866813"
"0.5860187596857496","0.23656550172266227"
"0.586290317031627","0.23689147240080377"
"0.5865622481280729","0.23721713135414876"
"0.5868345526172538","0.23754247815416357"
"0.5871072301408453","0.23786751237272533"
"0.5873802803400316","0.2381922335821224"
"0.5876537028555069","0.23851664135505518"
"0.5879274973274753","0.2388407352646363"
"0.5882016633956513","0.2391645148843917"
"0.5884762006992605","0.23948797978826053"
"0.5887511088770405","0.23981112955059644"
"0.5890263875672401","0.24013396374616752"
"0.5893020364076209","0.2404564819501572"
"0.5895780550354573","0.24077868373816474"
"0.5898544430875375","0.2411005686862057"
"0.5901312002001631","0.24142213637071266"
"0.5904083260091502","0.24174338636853565"
"0.5906858201498297","0.24206431825694272"
"0.5909636822570481","0.2423849316136205"
"0.5912419119651672","0.24270522601667485"
"0.5915205089080654","0.2430252010446313"
"0.591799472719138","0.24334485627643568"
"0.5920788030312971","0.24366419129145453"
"0.5923584994769728","0.24398320566947593"
"0.5926385616881136","0.24430189899070967"
"0.5929189892961861","0.2446202708357882"
"0.5931997819321766","0.24493832078576697"
"0.593480939226591","0.24525604842212492"
"0.5937624608094549","0.24557345332676522"
"0.5940443463103153","0.24589053508201572"
"0.5943265953582396","0.24620729327062943"
"0.5946092075818172","0.2465237274757851"
"0.5948921826091595","0.24683983728108796"
"0.5951755200679005","0.24715562227057009"
"0.5954592195851972","0.24747108202869084"
"0.5957432807877303","0.24778621614033766"
"0.5960277033017045","0.2481010241908266"
"0.596312486752849","0.24841550576590252"
"0.596597630766418","0.2487296604517401"
"0.5968831349671917","0.24904348783494412"
"0.5971689989794755","0.24935698750255"
"0.5974552224271019","0.24967015904202447"
"0.5977418049334304","0.24998300204126606"
"0.598028746121348","0.2502955160886055"
"0.5983160456132695","0.25060770077280653"
"0.5986037030311383","0.2509195556830662"
"0.5988917179964268","0.2512310804090155"
"0.5991800901301372","0.25154227454072003"
"0.5994688190528012","0.25185313766868034"
"0.5997579043844815","0.25216366938383256"
"0.6000473457447713","0.2524738692775488"
"0.6003371427527957","0.2527837369416381"
"0.6006272950272116","0.2530932719683463"
"0.6009178021862085","0.25340247395035737"
"0.6012086638475089","0.2537113424807932"
"0.6014998796283687","0.2540198771532146"
"0.601791449145578","0.25432807756162173"
"0.6020833720154614","0.2546359433004545"
"0.6023756478538782","0.25494347396459344"
"0.6026682762762237","0.25525066914935973"
"0.602961256897429","0.25555752845051616"
"0.6032545893319616","0.25586405146426744"
"0.6035482731938263","0.25617023778726083"
"0.6038423080965654","0.2564760870165867"
"0.6041366936532592","0.2567815987497789"
"0.6044314294765265","0.25708677258481544"
"0.6047265151785255","0.2573916081201189"
"0.6050219503709537","0.2576961049545572"
"0.6053177346650488","0.2580002626874438"
"0.605613867671589","0.2583040809185384"
"0.6059103490008939","0.2586075592480475"
"0.6062071782628244","0.25891069727662486"
"0.6065043550667839","0.259213494605372"
"0.6068018790217182","0.2595159508358389"
"0.6070997497361166","0.2598180655700241"
"0.6073979668180116","0.2601198384103759"
"0.6076965298749806","0.2604212689597922"
"0.6079954385141448","0.2607223568216214"
"0.6082946923421718","0.261023101599663"
"0.608594290965274","0.2613235028981677"
"0.6088942339892105","0.2616235603218383"
"0.6091945210192871","0.26192327347583017"
"0.6094951516603571","0.2622226419657516"
"0.6097961255168214","0.2625216653976645"
"0.6100974421926295","0.2628203433780848"
"0.6103991012912797","0.26311867551398305"
"0.6107011024158195","0.26341666141278486"
"0.6110034451688466","0.2637143006823714"
"0.611306129152509","0.26401159293108"
"0.6116091539685058","0.2643085377677048"
"0.6119125192180875","0.26460513480149683"
"0.6122162245020567","0.2649013836421649"
"0.6125202694207684","0.26519728389987623"
"0.6128246535741309","0.26549283518525635"
"0.6131293765616059","0.2657880371093902"
"0.6134344379822092","0.2660828892838224"
"0.6137398374345117","0.266377391320558"
"0.6140455745166389","0.26667154283206246"
"0.6143516488262722","0.26696534343126277"
"0.6146580599606495","0.2672587927315475"
"0.6149648075165652","0.26755189034676763"
"0.6152718910903712","0.26784463589123686"
"0.615579310277977","0.2681370289797322"
"0.6158870646748504","0.2684290692274944"
"0.6161951538760189","0.2687207562502285"
"0.6165035774760681","0.2690120896641045"
"0.6168123350691447","0.2693030690857576"
"0.6171214262489553","0.2695936941322888"
"0.6174308506087679","0.2698839644212654"
"0.6177406077414118","0.27017387957072164"
"0.6180506972392785","0.270463439199159"
"0.6183611186943221","0.27075264292554685"
"0.6186718716980599","0.27104149036932285"
"0.6189829558415731","0.27132998115039336"
"0.6192943707155067","0.27161811488913434"
"0.6196061159100711","0.27190589120639147"
"0.6199181910150415","0.2721933097234806"
"0.6202305956197591","0.2724803700621887"
"0.6205433293131319","0.27276707184477383"
"0.6208563916836343","0.2730534146939659"
"0.6211697823193084","0.2733393982329672"
"0.6214835008077646","0.273625022085453"
"0.6217975467361815","0.2739102858755714"
"0.6221119196913071","0.27419518922794495"
"0.6224266192594587","0.27447973176766993"
"0.6227416450265244","0.27476391312031767"
"0.6230569965779624","0.27504773291193485"
"0.6233726734988028","0.2753311907690438"
"0.623688675373647","0.2756142863186431"
"0.6240050017866692","0.2758970191882082"
"0.6243216523216164","0.2761793890056917"
"0.624638626561809","0.276461395399524"
"0.6249559240901417","0.2767430379986137"
"0.6252735444890833","0.2770243164323482"
"0.6255914873406784","0.27730523033059395"
"0.6259097522265467","0.27758577932369727"
"0.6262283387278844","0.27786596304248434"
"0.6265472464254644","0.2781457811182625"
"0.6268664748996373","0.27842523318281975"
"0.6271860237303308","0.278704318868426"
"0.627505892497052","0.2789830378078333"
"0.6278260807788862","0.2792613896342761"
"0.6281465881544988","0.2795393739814721"
"0.6284674142021349","0.27981699048362246"
"0.6287885584996205","0.28009423877541245"
"0.6291100206243627","0.2803711184920119"
"0.6294318001533505","0.2806476292690756"
"0.6297538966631553","0.2809237707427437"
"0.630076309729931","0.2811995425496427"
"0.6303990389294154","0.28147494432688497"
"0.6307220838369298","0.28174997571207033"
"0.6310454440273805","0.28202463634328573"
"0.6313691190752589","0.28229892585910604"
"0.6316931085546419","0.28257284389859444"
"0.6320174120391926","0.28284639010130314"
"0.6323420291021609","0.2831195641072733"
"0.6326669593163844","0.2833923655570361"
"0.6329922022542882","0.28366479409161294"
"0.6333177574878861","0.28393684935251595"
"0.633643624588781","0.28420853098174836"
"0.6339698031281653","0.2844798386218051"
"0.6342962926768215","0.2847507719156732"
"0.6346230928051232","0.28502133050683237"
"0.6349502030830347","0.28529151403925546"
"0.6352776230801129","0.28556132215740854"
"0.6356053523655067","0.285830754506252"
"0.635933390507958","0.28609981073124063"
"0.6362617370758024","0.2863684904783241"
"0.6365903916369695","0.2866367933939475"
"0.6369193537589839","0.28690471912505183"
"0.6372486230089652","0.2871722673190744"
"0.6375781989536291","0.2874394376239493"
"0.6379080811592874","0.28770622968810794"
"0.6382382691918491","0.2879726431604794"
"0.6385687626168208","0.28823867769049094"
"0.6388995609993071","0.2885043329280686"
"0.6392306639040115","0.2887696085236373"
"0.6395620708952365","0.28903450412812176"
"0.6398937815368848","0.2892990193929466"
"0.640225795392459","0.28956315397003696"
"0.6405581120250634","0.28982690751181883"
"0.6408907309974033","0.29009027967121986"
"0.6412236518717864","0.2903532701016692"
"0.6415568742101232","0.29061587845709874"
"0.6418903975739274","0.29087810439194267"
"0.6422242215243164","0.29113994756113887"
"0.6425583456220123","0.29140140762012856"
"0.6428927694273423","0.2916624842248572"
"0.6432274925002389","0.29192317703177484"
"0.6435625144002411","0.2921834856978367"
"0.6438978346864948","0.2924434098805032"
"0.6442334529177525","0.292702949237741"
"0.6445693686523755","0.292962103428023"
"0.6449055814483331","0.2932208721103288"
"0.645242090863204","0.29347925494414573"
"0.6455788964541764","0.29373725158946834"
"0.6459159977780489","0.29399486170679967"
"0.6462533943912308","0.2942520849571513"
"0.6465910858497426","0.294508921002044"
"0.6469290717092175","0.29476536950350785"
"0.6472673515249007","0.295021430124083"
"0.6476059248516507","0.29527710252682016"
"0.64794479124394","0.29553238637528073"
"0.6482839502558553","0.2957872813335374"
"0.6486234014410982","0.2960417870661746"
"0.648963144352986","0.296295903238289"
"0.6493031785444516","0.2965496295154899"
"0.6496435035680455","0.2968029655638997"
"0.6499841189759347","0.2970559110501541"
"0.6503250243199044","0.29730846564140295"
"0.6506662191513584","0.2975606290053104"
"0.6510077030213193","0.29781240081005533"
"0.6513494754804294","0.2980637807243321"
"0.6516915360789515","0.29831476841735055"
"0.652033884366769","0.29856536355883667"
"0.6523765198933867","0.29881556581903307"
"0.6527194422079317","0.29906537486869933"
"0.6530626508591533","0.29931479037911246"
"0.6534061453954243","0.29956381202206733"
"0.6537499253647414","0.29981243946987707"
"0.6540939903147253","0.30006067239537354"
"0.6544383397926221","0.30030851047190776"
"0.6547829733453033","0.3005559533733504"
"0.6551278905192667","0.30080300077409194"
"0.6554730908606365","0.3010496523490435"
"0.655818573915165","0.301295907773637"
"0.6561643392282317","0.30154176672382565"
"0.6565103863448453","0.30178722887608433"
"0.6568567148096431","0.3020322939074101"
"0.6572033241668929","0.30227696149532274"
"0.6575502139604921","0.30252123131786474"
"0.6578973837339696","0.3027651030536022"
"0.6582448330304856","0.303008576381625"
"0.6585925613928327","0.30325165098154727"
"0.6589405683634362","0.30349432653350794"
"0.6592888534843546","0.303736602718171"
"0.6596374162972807","0.3039784792167257"
"0.6599862563435415","0.3042199557108877"
"0.6603353731640995","0.3044610318828987"
"0.6606847662995529","0.3047017074155272"
"0.6610344352901363","0.30494198199206907"
"0.6613843796757213","0.30518185529634767"
"0.6617345989958172","0.3054213270127144"
"0.6620850927895712","0.3056603968260491"
"0.6624358605957698","0.30589906442176057"
"0.6627869019528384","0.3061373294857868"
"0.6631382163988429","0.30637519170459543"
"0.6634898034714894","0.30661265076518435"
"0.663841662708126","0.3068497063550818"
"0.6641937936457416","0.3070863581623471"
"0.6645461958209684","0.3073226058755707"
"0.6648988687700814","0.3075584491838751"
"0.6652518120289993","0.30779388777691463"
"0.665605025133285","0.30802892134487636"
"0.6659585076181466","0.3082635495784804"
"0.6663122590184373","0.30849777216898"
"0.6666662788686568","0.3087315888081625"
"0.6670205667029513","0.3089649991883491"
"0.6673751220551146","0.30919800300239586"
"0.6677299444585884","0.30943059994369376"
"0.6680850334464628","0.3096627897061692"
"0.6684403885514771","0.30989457198428416"
"0.668796009306021","0.31012594647303715"
"0.6691518952421338","0.31035691286796313"
"0.6695080458915064","0.31058747086513416"
"0.669864460785481","0.31081762016115955"
"0.6702211394550526","0.3110473604531866"
"0.6705780814308686","0.3112766914389007"
"0.6709352862432301","0.3115056128165258"
"0.6712927534220924","0.311734124284825"
"0.6716504824970653","0.31196222554310077"
"0.6720084729974144","0.31218991629119525"
"0.6723667244520609","0.3124171962294909"
"0.6727252363895828","0.3126440650589106"
"0.6730840083382152","0.3128705224809185"
"0.6734430398258514","0.3130965681975198"
"0.6738023303800427","0.31332220191126176"
"0.6741618795279997","0.31354742332523344"
"0.6745216867965927","0.3137722321430667"
"0.6748817517123525","0.31399662806893636"
"0.6752420738014707","0.3142206108075604"
"0.6756026525898005","0.3144441800642006"
"0.6759634876028572","0.3146673355446628"
"0.6763245783658193","0.31489007695529747"
"0.6766859244035283","0.3151124040029997"
"0.6770475252404901","0.3153343163952101"
"0.6774093804008752","0.31555581383991466"
"0.6777714894085194","0.3157768960456456"
"0.6781338517869248","0.3159975627214816"
"0.6784964670592595","0.3162178135770479"
"0.678859334748359","0.3164376483225171"
"0.6792224543767271","0.3166570666686092"
"0.6795858254665357","0.3168760683265924"
"0.6799494475396256","0.3170946530082829"
"0.6803133201175078","0.31731282042604586"
"0.6806774427213634","0.3175305702927954"
"0.6810418148720445","0.31774790232199507"
"0.6814064360900748","0.31796481622765826"
"0.6817713058956504","0.3181813117243487"
"0.6821364238086401","0.3183973885271805"
"0.6825017893485864","0.3186130463518189"
"0.6828674020347059","0.31882828491448045"
"0.6832332613858897","0.3190431039319332"
"0.6835993669207047","0.3192575031214975"
"0.6839657181573937","0.31947148220104604"
"0.6843323146138761","0.31968504088900446"
"0.6846991558077489","0.31989817890435146"
"0.6850662412562865","0.32011089596661935"
"0.6854335704764425","0.32032319179589436"
"0.6858011429848494","0.320535066112817"
"0.6861689582978197","0.3207465186385826"
"0.686537015931346","0.3209575490949413"
"0.6869053154011027","0.3211681572041987"
"0.6872738562224454","0.32137834268921633"
"0.6876426379104122","0.32158810527341164"
"0.6880116599797246","0.32179744468075866"
"0.6883809219447875","0.32200636063578825"
"0.6887504233196899","0.3222148528635886"
"0.6891201636182065","0.3224229210898053"
"0.6894901423537967","0.3226305650406421"
"0.6898603590396066","0.3228377844428608"
"0.6902308131884693","0.32304457902378203"
"0.6906015043129052","0.3232509485112855"
"0.6909724319251229","0.32345689263381006"
"0.6913435955370201","0.3236624111203546"
"0.6917149946601833","0.3238675037004778"
"0.6920866288058897","0.324072170104299"
"0.6924584974851069","0.3242764100624983"
"0.6928306002084941","0.3244802233063169"
"0.6932029364864023","0.32468360956755743"
"0.6935755058288754","0.3248865685785847"
"0.6939483077456504","0.3250891000723255"
"0.6943213417461584","0.32529120378226917"
"0.694694607339525","0.3254928794424681"
"0.6950681040345712","0.32569412678753773"
"0.6954418313398137","0.3258949455526574"
"0.6958157887634658","0.3260953354735702"
"0.6961899758134381","0.3262952962865838"
"0.696564391997339","0.3264948277285702"
"0.6969390368224753","0.3266939295369665"
"0.6973139097958527","0.32689260144977533"
"0.6976890104241773","0.32709084320556486"
"0.6980643382138552","0.3272886545434693"
"0.6984398926709935","0.32748603520318936"
"0.6988156733014013","0.3276829849249923"
"0.69919167961059","0.3278795034497128"
"0.699567911103774","0.3280755905187524"
"0.6999443672858713","0.32827124587408085"
"0.7003210476615044","0.32846646925823586"
"0.7006979517350006","0.32866126041432353"
"0.701075079010393","0.32885561908601874"
"0.7014524289914209","0.3290495450175655"
"0.7018300011815306","0.32924303795377713"
"0.7022077950838758","0.329436097640037"
"0.7025858102013187","0.32962872382229835"
"0.7029640460364305","0.3298209162470849"
"0.7033425020914915","0.3300126746614913"
"0.7037211778684925","0.33020399881318324"
"0.7041000728691353","0.3303948884503977"
"0.7044791865948331","0.3305853433219436"
"0.7048585185467111","0.330775363177202"
"0.7052380682256076","0.3309649477661263"
"0.7056178351320742","0.33115409683924263"
"0.7059978187663769","0.3313428101476504"
"0.7063780186284961","0.3315310874430222"
"0.7067584342181281","0.3317189284776045"
"0.7071390650346852","0.33190633300421785"
"0.707519910577296","0.33209330077625726"
"0.7079009703448075","0.33227983154769225"
"0.7082822438357839","0.33246592507306766"
"0.7086637305485087","0.3326515811075034"
"0.7090454299809846","0.3328367994066954"
"0.7094273416309345","0.3330215797269154"
"0.7098094649958018","0.3332059218250114"
"0.7101917995727516","0.33338982545840834"
"0.710574344858671","0.33357329038510786"
"0.7109571003501698","0.333756316363689"
"0.711340065543581","0.3339389031533085"
"0.7117232399349619","0.3341210505137008"
"0.7121066230200944","0.3343027582051788"
"0.7124902142944859","0.3344840259886339"
"0.7128740132533696","0.3346648536255363"
"0.7132580193917059","0.3348452408779355"
"0.7136422322041819","0.3350251875084604"
"0.7140266511852132","0.33520469328031977"
"0.714411275828944","0.3353837579573024"
"0.714796105629248","0.33556238130377775"
"0.7151811400797286","0.3357405630846958"
"0.7155663786737201","0.33591830306558773"
"0.7159518209042882","0.3360956010125659"
"0.7163374662642307","0.3362724566923246"
"0.7167233142460777","0.33644886987213984"
"0.7171093643420933","0.33662484031987006"
"0.7174956160442751","0.33680036780395634"
"0.7178820688443557","0.33697545209342245"
"0.7178820688443557","0.33697545209342245"
"0.7284907","0.34177177514304447"
"0.740838","0.34734753985080147"
"0.7531853000000001","0.3529161694109888"
"0.7655326","0.35847766845636286"
"0.7778799000000001","0.3640320416097431"
"0.7902272","0.3695792934840405"
"0.8025745","0.3751194286822752"
"0.8149218","0.380652451797598"
"0.8272691","0.38617836741333633"
"0.8396164","0.3916971801029838"
"0.8519637","0.3972088944302463"
"0.864311","0.40271351494905616"
"0.8766583","0.40821104620360416"
"0.8890056000000001","0.41370149272835377"
"0.9013529","0.4191848590480518"
"0.9137002000000001","0.4246611496777817"
"0.9260475","0.43013036912297054"
"0.9383948","0.4355925218793999"
"0.9507421","0.44104761243324475"
"0.9630894","0.44649564526109486"
"0.9754367","0.45193662482996544"
"0.987784","0.45737055559733264"
"1.0001313","0.4627974420111478"
"1.0124786000000001","0.4682172885098552"
"1.0248259","0.47363009952243473"
"1.0371732","0.47903587946840176"
"1.0495205","0.48443463275783216"
"1.0618678","0.4898263637914049"
"1.0742151","0.4952110769603877"
"1.0865624","0.5005887766466941"
"1.0989097","0.5059594672228833"
"1.111257","0.5113231530521958"
"1.1236043","0.5166798384885603"
"1.1359516","0.5220295278766187"
"1.1482989000000001","0.5273722255517654"
"1.1606462","0.5327079358401434"
"1.1729935","0.5380366630586764"
"1.1853408","0.5433584115150971"
"1.1976881","0.5486731855079547"
"1.2100354","0.553980989326643"
"1.2223827","0.5592818272514215"
"1.23473","0.5645757035534409"
"1.2470773","0.5698626224947461"
"1.2594246","0.5751425883283225"
"1.2717719","0.5804156052981"
"1.2841192000000001","0.5856816776389628"
"1.2964665","0.5909408095768001"
"1.3088138","0.5961930053285123"
"1.3211611","0.6014382691020153"
"1.3335084","0.6066766050962826"
"1.3458557","0.61190801750136"
"1.358203","0.6171325104983829"
"1.3705503","0.6223500882595943"
"1.3828976","0.6275607549483659"
"1.3952449","0.6327645147192236"
"1.4075922","0.6379613717178678"
"1.4199395000000001","0.6431513300811851"
"1.4322868","0.6483343939372652"
"1.4446341","0.6535105674054336"
"1.4569814","0.6586798545962722"
"1.4693287","0.66384225961162"
"1.481676","0.6689977865446082"
"1.4940233","0.6741464394796814"
"1.5063706000000001","0.6792882224926018"
"1.5187179","0.684423139650491"
"1.5310652","0.6895511950118198"
"1.5434125","0.6946723926264546"
"1.5557598000000001","0.6997867365356676"
"1.5681071","0.7048942307721546"
"1.5804544","0.709994879360039"
"1.5928017","0.7150886863149246"
"1.605149","0.7201756556438852"
"1.6174963","0.7252557913454893"
"1.6298436","0.7303290974098395"
"1.6421909000000001","0.7353955778185544"
"1.6545382","0.7404552365448218"
"1.6668855","0.7455080775533993"
"1.6792328","0.7505541048006279"
"1.6915801000000001","0.7555933222344748"
"1.7039274","0.7606257337945266"
"1.7162747","0.7656513434120136"
"1.728622","0.7706701550098387"
"1.7409693","0.7756821725025915"
"1.7533166","0.7806873997965518"
"1.7656639","0.7856858407897249"
"1.7780112000000001","0.7906774993718564"
"1.7903585","0.7956623794244457"
"1.8027058","0.8006404848207715"
"1.8150531","0.8056118194258914"
"1.8274004000000001","0.8105763870966811"
"1.8397477","0.8155341916818521"
"1.852095","0.8204852370219378"
"1.8644423","0.8254295269493568"
"1.8767896","0.8303670652883959"
"1.8891369","0.8352978558552415"
"1.9014842","0.8402219024579978"
"1.9138315000000001","0.8451392088967005"
"1.9261788","0.8500497789633314"
"1.9385261","0.8549536164418399"
"1.9508734","0.8598507251081742"
"1.9632207000000002","0.8647411087302572"
"1.975568","0.8696247710680538"
"1.9879153","0.87450171587356"
"2.0002626","0.8793719468908137"
"2.0126099","0.8842354678559303"
"2.0249572000000002","0.8890922824971135"
"2.0373045","0.8939423945346654"
"2.0496518","0.8987858076810156"
"2.0619991","0.9036225256407242"
"2.0743464","0.9084525521105036"
"2.0866937","0.9132758907792429"
"2.099041","0.9180925453280189"
"2.1113883","0.9229025194300995"
"2.1237356","0.92770581675099"
"2.1360829","0.9325024409484151"
"2.1484302","0.9372923956723653"
"2.1607775","0.9420756845650935"
"2.1731248","0.9468523112611358"
"2.1854721","0.9516222793873403"
"2.1978194","0.9563855925628602"
"2.2101667000000003","0.9611422543991885"
"2.222514","0.9658922685001734"
"2.2348613","0.9706356384620172"
"2.2472086","0.9753723678733088"
"2.2595559","0.9801024603150381"
"2.2719032","0.9848259193606062"
"2.2842505","0.9895427485758468"
"2.2965978000000002","0.9942529515190301"
"2.3089451","0.9989565317408875"
"2.3212924","1.0036534927846432"
"2.3336397","1.008343838185997"
"2.345987","1.0130275714731596"
"2.3583343","1.017704696166863"
"2.3706816","1.0223752157803894"
"2.3830289000000002","1.0270391338195601"
"2.3953762","1.031696453782775"
"2.4077235","1.0363471791610124"
"2.4200708","1.040991313437857"
"2.4324181","1.0456288600895043"
"2.4447654","1.0502598225847812"
"2.4571127","1.0548842043851572"
"2.46946","1.0595020089447686"
"2.4818073000000003","1.0641132397104194"
"2.4941546","1.0687179001216052"
"2.5065019","1.0733159936105388"
"2.5188492","1.0779075236021356"
"2.5311965","1.0824924935140565"
"2.5435438","1.0870709067567113"
"2.5558911","1.0916427667332655"
"2.5682384000000003","1.0962080768396838"
"2.5805857","1.1007668404647006"
"2.592933","1.1053190609898742"
"2.6052803","1.1098647417895826"
"2.6176276","1.1144038862310381"
"2.6299749","1.1189364976743121"
"2.6423222","1.1234625794723314"
"2.6546695000000002","1.1279821349709138"
"2.6670168","1.1324951675087647"
"2.6793641","1.1370016804175052"
"2.6917114","1.1415016770216724"
"2.7040587","1.1459951606387513"
"2.716406","1.1504821345791676"
"2.7287533","1.1549626021463233"
"2.7411006","1.1594365666365896"
"2.7534479000000003","1.1639040313393387"
"2.7657952","1.168364999536955"
"2.7781425","1.1728194745048306"
"2.7904898","1.177267459511409"
"2.8028371","1.1817089578181736"
"2.8151844","1.1861439726796732"
"2.8275317","1.1905725073435356"
"2.8398790000000003","1.1949945650504787"
"2.8522263","1.1994101490343247"
"2.8645736","1.2038192625220105"
"2.8769209","1.2082219087336128"
"2.8892682","1.2126180908823443"
"2.9016155","1.2170078121745824"
"2.9139628","1.2213910758098763"
"2.9263101000000002","1.2257678849809572"
"2.9386574","1.2301382428737568"
"2.9510047","1.234502152667421"
"2.963352","1.2388596175343203"
"2.9756993","1.243210640640065"
"2.9880466","1.2475552251435111"
"3.0003939","1.25189337419679"
"3.0127412000000002","1.2562250909452963"
"3.0250885000000003","1.2605503785277392"
"3.0374358","1.2648692400761092"
"3.0497831","1.269181678715725"
"3.0621304","1.2734876975652334"
"3.0744777","1.2777872997366266"
"3.086825","1.2820804883352501"
"3.0991723","1.2863672664598198"
"3.1115196000000003","1.290647637202433"
"3.1238669","1.2949216036485822"
"3.1362142","1.2991891688771595"
"3.1485615","1.3034503359604948"
"3.1609088","1.3077051079643311"
"3.1732561","1.3119534879478643"
"3.1856034","1.3161954789637527"
"3.1979507000000003","1.3204310840581144"
"3.210298","1.3246603062705589"
"3.2226453","1.3288831486341905"
"3.2349926","1.3330996141756088"
"3.2473399","1.3373097059149543"
"3.2596872","1.3415134268658768"
"3.2720345","1.3457107800355885"
"3.2843818000000002","1.3499017684248464"
"3.2967291","1.3540863950279807"
"3.3090764","1.3582646628329087"
"3.3214237","1.3624365748211318"
"3.333771","1.3666021339677563"
"3.3461183","1.370761343241515"
"3.3584656","1.3749142056047639"
"3.3708129000000002","1.3790607240134953"
"3.3831602000000003","1.3832009014173643"
"3.3955075","1.3873347407596874"
"3.4078548","1.3914622449774576"
"3.4202021","1.3955834170013546"
"3.4325494","1.3996982597557661"
"3.4448967","1.4038067761587811"
"3.457244","1.4079089691222215"
"3.4695913000000003","1.4120048415516457"
"3.4819386","1.4160943963463524"
"3.4942859","1.420177636399405"
"3.5066332","1.4242545645976357"
"3.5189805","1.4283251838216593"
"3.5313278","1.4323894969458841"
"3.5436751","1.4364475068385225"
"3.5560224000000002","1.4404992163616086"
"3.5683697","1.4445446283709984"
"3.580717","1.4485837457163875"
"3.5930643","1.4526165712413288"
"3.6054116","1.4566431077832291"
"3.6177589","1.460663358173374"
"3.6301062","1.4646773252369343"
"3.6424535000000002","1.4686850117929744"
"3.6548008000000003","1.4726864206544583"
"3.6671481","1.4766815546282857"
"3.6794954","1.4806704165152702"
"3.6918427","1.4846530091101684"
"3.70419","1.488629335201697"
"3.7165373","1.4925993975725156"
"3.7288846","1.4965631989992865"
"3.7412319000000003","1.5005207422526254"
"3.7535792","1.504472030097162"
"3.7659265","1.5084170652915248"
"3.7782738","1.5123558505883636"
"3.7906211","1.5162883887343526"
"3.8029684","1.5202146824702005"
"3.8153157","1.5241347345306728"
"3.8276630000000003","1.528048547644591"
"3.8400103","1.5319561245348403"
"3.8523576","1.535857467918401"
"3.8647049","1.539752580506331"
"3.8770522","1.5436414650038017"
"3.8893995","1.5475241241100868"
"3.9017468","1.5514005605185872"
"3.9140941000000002","1.5552707769168457"
"3.9264414000000003","1.5591347759865322"
"3.9387887","1.5629925604034831"
"3.951136","1.5668441328377014"
"3.9634833","1.5706894959533528"
"3.9758306","1.5745286524088016"
"3.9881779","1.578361604856596"
"4.0005252","1.5821883559435044"
"4.0128725","1.5860089083105002"
"4.0252198","1.5898232645927806"
"4.0375671","1.5936314274197905"
"4.0499144000000005","1.5974333994152126"
"4.0622617000000005","1.6012291831969918"
"4.074609","1.605018781377332"
"4.0869563","1.6088021965627242"
"4.0993036","1.6125794313539359"
"4.1116509","1.6163504883460433"
"4.1239982","1.6201153701284134"
"4.1363455","1.623874079284743"
"4.1486928","1.6276266183930517"
"4.1610401","1.6313729900256853"
"4.1733874","1.635113196749355"
"4.1857347","1.638847241125113"
"4.198082","1.6425751257083796"
"4.2104293","1.6462968530489555"
"4.2227766","1.650012425691017"
"4.2351239000000005","1.6537218461731449"
"4.2474712","1.6574251170283212"
"4.2598185","1.6611222407839428"
"4.2721658","1.6648132199618182"
"4.2845131","1.6684980570782102"
"4.2968604","1.6721767546438038"
"4.3092077","1.6758493151637488"
"4.321555","1.679515741137653"
"4.3339023","1.6831760350595921"
"4.3462496","1.6868301994181252"
"4.3585969","1.6904782366963005"
"4.3709442","1.6941201493716669"
"4.3832915","1.6977559399162736"
"4.3956388","1.7013856107967023"
"4.4079861000000005","1.7050091644740455"
"4.4203334000000005","1.7086266034039355"
"4.4326807","1.7122379300365616"
"4.445028","1.7158431468166562"
"4.4573753","1.7194422561835196"
"4.4697226","1.7230352605710202"
"4.4820699","1.7266221624076117"
"4.4944172","1.7302029641163408"
"4.5067645","1.733777668114847"
"4.5191118","1.7373462768153871"
"4.5314591","1.7409087926248326"
"4.5438064","1.7444652179446756"
"4.5561537","1.7480155551710546"
"4.568501","1.7515598066947469"
"4.5808483","1.755097974901183"
"4.5931956000000005","1.7586300621704574"
"4.6055429000000006","1.7621560708773352"
"4.6178902","1.7656760033912597"
"4.6302375","1.769189862076363"
"4.6425848","1.77269764929148"
"4.6549321","1.776199367390145"
"4.6672794","1.7796950187206129"
"4.6796267","1.7831846056258556"
"4.691974","1.7866681304435836"
"4.7043213","1.790145595506246"
"4.7166686","1.793617003141037"
"4.7290159","1.7970823556699145"
"4.7413632","1.8005416554095959"
"4.7537105","1.8039949046715833"
"4.7660578000000005","1.8074421057621564"
"4.7784051000000005","1.8108832609823864"
"4.7907524","1.81431837262814"
"4.8030997","1.817747442990104"
"4.815447","1.8211704743537744"
"4.8277943","1.824587468999475"
"4.8401416","1.8279984292023563"
"4.8524889","1.8314033572324284"
"4.8648362","1.8348022553545285"
"4.8771835","1.838195125828367"
"4.8895308","1.8415819709085213"
"4.9018781","1.8449627928444379"
"4.9142254","1.8483375938804443"
"4.9265727","1.8517063762557697"
"4.93892","1.8550691422045347"
"4.9512673000000005","1.8584258939557614"
"4.9636146000000005","1.8617766337334025"
"4.9759619","1.8651213637563266"
"4.9883092","1.8684600862383292"
"5.0006565","1.87179280338815"
"5.0130038","1.8751195174094768"
"5.0253511","1.8784402305009529"
"5.0376984","1.88175494485618"
"5.0500457","1.885063662663736"
"5.062393","1.8883663861071796"
"5.0747403","1.8916631173650522"
"5.0870876","1.89495385861089"
"5.0994349","1.898238612013234"
"5.1117822","1.9015173797356297"
"5.1241295000000004","1.904790163936653"
"5.1364768000000005","1.9080569667698946"
"5.1488241","1.9113177903839826"
"5.1611714","1.914572636922582"
"5.1735187","1.9178215085244155"
"5.185866","1.9210644073232608"
"5.1982133","1.9243013354479466"
"5.2105606","1.9275322950223917"
"5.2229079","1.9307572881655766"
"5.2352552","1.9339763169915898"
"5.2476025","1.9371893836095886"
"5.2599498","1.940396490123856"
"5.2722971","1.9435976386337686"
"5.2846444","1.9467928312338252"
"5.2969917","1.9499820700136503"
"5.3093390000000005","1.953165357057994"
"5.3216863000000005","1.9563426944467537"
"5.3340336","1.9595140842549696"
"5.3463809","1.9626795285528296"
"5.3587282","1.9658390294056929"
"5.3710755","1.9689925888740802"
"5.3834228","1.9721402090136877"
"5.3957701","1.975281891875401"
"5.4081174","1.9784176395052846"
"5.4204647","1.9815474539446107"
"5.432812","1.9846713372298517"
"5.4451593","1.9877892913926907"
"5.4575066","1.9909013184600255"
"5.4698539","1.9940074204539933"
"5.4822012","1.9971075993919527"
"5.4945485000000005","2.000201857286502"
"5.506895800000001","2.003290196145489"
"5.5192431","2.006372617972019"
"5.5315904","2.009449124764455"
"5.5439377","2.0125197185164296"
"5.556285","2.015584401216845"
"5.5686323","2.018643174849892"
"5.5809796","2.0216960413950495"
"5.5933269","2.0247430028270905"
"5.6056742","2.0277840611160904"
"5.6180215","2.030819218227432"
"5.6303688","2.0338484761218183"
"5.6427161","2.036871836755271"
"5.6550634","2.0398893020791498"
"5.6674107000000005","2.042900874040143"
"5.6797580000000005","2.045906554580288"
"5.6921053","2.048906345636965"
"5.7044526","2.0519002491429212"
"5.7167999","2.0548882670262607"
"5.7291472","2.0578704012104545"
"5.7414945","2.0608466536143624"
"5.7538418","2.0638170261522113"
"5.7661891","2.066781520733638"
"5.7785364","2.069740139263658"
"5.7908837","2.072692883642702"
"5.803231","2.075639755766602"
"5.8155783","2.078580757526616"
"5.8279256","2.0815158908094133"
"5.8402729","2.084445157497104"
"5.8526202000000005","2.0873685594672224"
"5.8649675000000006","2.090286098592756"
"5.8773148","2.0931977767421373"
"5.8896621","2.096103595779251"
"5.9020094","2.099003557563446"
"5.9143567","2.1018976639495364"
"5.926704","2.1047859167878116"
"5.9390513","2.1076683179240447"
"5.9513986","2.11054486919949"
"5.9637459","2.1134155724509043"
"5.9760932","2.116280429510528"
"5.9884405","2.1191394422061265"
"6.0007878","2.1219926123609625"
"6.0131351","2.1248399417938195"
"6.0254824000000005","2.127681432319008"
"6.0378297000000005","2.130517085746373"
"6.050177000000001","2.133346903881286"
"6.0625243","2.1361708885246635"
"6.0748716","2.138989041472982"
"6.0872189","2.141801364518262"
"6.0995662","2.144607859448083"
"6.1119135","2.147408528045599"
"6.1242608","2.1502033720895355"
"6.1366081","2.152992393354193"
"6.1489554","2.1557755936094587"
"6.1613027","2.1585529746208145"
"6.17365","2.161324538149337"
"6.1859973","2.164090285951705"
"6.1983446","2.1668502197802084"
"6.2106919000000005","2.169604341382744"
"6.2230392000000005","2.172352652502841"
"6.2353865","2.1750951548796493"
"6.2477338","2.177831850247948"
"6.2600811","2.1805627403381607"
"6.2724284","2.1832878268763487"
"6.2847757","2.1860071115842317"
"6.297123","2.188720596179177"
"6.3094703","2.1914282823742184"
"6.3218176","2.194130171878051"
"6.3341649","2.1968262663950497"
"6.3465122","2.1995165676252597"
"6.3588595","2.202201077264423"
"6.3712068","2.204879797003958"
"6.3835541000000005","2.2075527285309846"
"6.3959014000000005","2.2102198735283203"
"6.408248700000001","2.2128812336745014"
"6.420596","2.215536810643762"
"6.4329433","2.2181866061060624"
"6.4452906","2.2208306217270817"
"6.4576379","2.223468859168232"
"6.4699852","2.2261013200866557"
"6.4823325","2.228728006135242"
"6.4946798","2.231348918962617"
"6.5070271","2.2339640602131645"
"6.5193744","2.2365734315270274"
"6.5317217","2.239177034540095"
"6.544069","2.2417748708840435"
"6.5564163","2.2443669421863106"
"6.5687636000000005","2.246953250070117"
"6.5811109000000005","2.2495337961544593"
"6.5934582","2.252108582054131"
"6.6058055","2.254677609379719"
"6.6181528","2.2572408797376013"
"6.6305001","2.2597983947299767"
"6.6428474","2.262350155954838"
"6.6551947","2.264896165006"
"6.667542","2.2674364234731"
"6.6798893","2.2699709329416002"
"6.6922366","2.2724996949927885"
"6.7045839","2.275022711203796"
"6.7169312","2.2775399831475944"
"6.7292785","2.280051512393001"
"6.7416258000000004","2.2825573005046778"
"6.7539731000000005","2.2850573490431536"
"6.766320400000001","2.2875516595648193"
"6.7786677","2.290040233621923"
"6.791015","2.292523072762595"
"6.8033623","2.295000178530838"
"6.8157096","2.2974715524665363"
"6.8280569","2.2999371961054678"
"6.8404042","2.3023971109792924"
"6.8527515","2.3048512986155743"
"6.8650988","2.307299760537788"
"6.8774461","2.309742498265294"
"6.8897934","2.312179513313378"
"6.9021407","2.3146108071932545"
"6.914488","2.3170363814120343"
"6.9268353000000005","2.3194562374727745"
"6.9391826000000005","2.3218703768744575"
"6.951529900000001","2.324278801112005"
"6.9638772","2.326681511676277"
"6.9762245","2.3290785100540816"
"6.9885718","2.3314697977281753"
"7.0009191","2.3338553761772793"
"7.0132664","2.3362352468760648"
"7.0256137","2.3386094112951774"
"7.037961","2.340977870901227"
"7.0503083","2.3433406271568025"
"7.0626556","2.3456976815204733"
"7.0750029","2.3480490354467882"
"7.0873502","2.350394690386292"
"7.0996975","2.352734647785514"
"7.1120448000000005","2.355068909086995"
"7.124392100000001","2.3573974757292717"
"7.1367394","2.3597203491468832"
"7.1490867","2.3620375307703974"
"7.161434","2.3643490220263814"
"7.1737813","2.3666548243374343"
"7.1861286","2.368954939122183"
"7.1984759","2.3712493677952757"
"7.2108232","2.3735381117674095"
"7.2231705","2.375821172445306"
"7.2355178","2.3780985512317443"
"7.2478651","2.380370249525548"
"7.2602124","2.3826362687215905"
"7.2725597","2.384896610210806"
"7.2849070000000005","2.387151275380198"
"7.2972543000000005","2.3894002656128244"
"7.309601600000001","2.3916435822878235"
"7.3219489","2.393881226780401"
"7.3342962","2.396113200461855"
"7.3466435","2.398339504699557"
"7.3589908","2.400560140856971"
"7.3713381","2.4027751102936534"
"7.3836854","2.404984414365263"
"7.3960327","2.4071880544235533"
"7.40838","2.4093860318163856"
"7.4207273","2.411578347887737"
"7.4330746","2.4137650039776943"
"7.4454219","2.4159460014224656"
"7.4577692","2.4181213415543787"
"7.4701165000000005","2.4202910257018893"
"7.4824638000000006","2.422455055189591"
"7.494811100000001","2.4246134313382086"
"7.5071584","2.4267661554646054"
"7.5195057","2.428913228881793"
"7.531853","2.4310546528989256"
"7.5442003","2.433190428821316"
"7.5565476","2.4353205579504333"
"7.5688949","2.4374450415838993"
"7.5812422","2.4395638810155127"
"7.5935895","2.4416770775352354"
"7.6059368","2.443784632429196"
"7.6182841","2.445886546979711"
"7.6306314","2.447982822465274"
"7.6429787000000005","2.4500734601605636"
"7.6553260000000005","2.4521584613364453"
"7.667673300000001","2.4542378272599805"
"7.6800206","2.456311559194429"
"7.6923679","2.4583796583992488"
"7.7047152","2.460442126130104"
"7.7170625","2.4624989636388683"
"7.7294098","2.464550172173631"
"7.7417571","2.466595752978691"
"7.7541044","2.4686357072945775"
"7.7664517","2.470670036358033"
"7.778799","2.472698741402045"
"7.7911463","2.4747218236558197"
"7.8034936","2.476739284344802"
"7.8158409","2.4787511246906817"
"7.8281882000000005","2.480757345911389"
"7.8405355000000005","2.4827579492211065"
"7.852882800000001","2.4847529358302616"
"7.8652301","2.4867423069455405"
"7.8775774","2.4887260637698887"
"7.8899247","2.490704207502514"
"7.902272","2.4926767393388936"
"7.9146193","2.4946436604707785"
"7.9269666","2.4966049720861783"
"7.9393139","2.498560675369397"
"7.9516612","2.5005107715010126"
"7.9640085","2.5024552616578895"
"7.9763558","2.5043941470131834"
"7.9887031","2.5063274287363413"
"8.0010504","2.508255107993101"
"8.0133977","2.510177185945505"
"8.025745","2.5120936637519087"
"8.0380923","2.514004542566955"
"8.0504396","2.515909823541609"
"8.0627869","2.517809507823152"
"8.0751342","2.519703596555182"
"8.0874815","2.5215920908776077"
"8.099828800000001","2.523474991926676"
"8.112176100000001","2.5253523008349568"
"8.124523400000001","2.5272240187313564"
"8.1368707","2.5290901467411047"
"8.149218","2.5309506859857827"
"8.1615653","2.5328056375833086"
"8.1739126","2.5346550026479484"
"8.1862599","2.5364987822903124"
"8.1986072","2.538336977617373"
"8.2109545","2.5401695897324466"
"8.2233018","2.5419966197352224"
"8.2356491","2.543818068721741"
"8.2479964","2.545633937784416"
"8.2603437","2.5474442280120257"
"8.272691","2.5492489404897256"
"8.2850383","2.5510480762990504"
"8.2973856","2.5528416365179076"
"8.3097329","2.554629622220588"
"8.3220802","2.556412034477777"
"8.3344275","2.5581888743565386"
"8.3467748","2.559960142920339"
"8.3591221","2.561725841229034"
"8.3714694","2.563485970338885"
"8.3838167","2.5652405313025497"
"8.396164","2.5669895251690917"
"8.4085113","2.568732952983993"
"8.4208586","2.570470815789136"
"8.4332059","2.572203114622827"
"8.4455532","2.573929850519786"
"8.457900500000001","2.5756510245111635"
"8.470247800000001","2.577366637624518"
"8.482595100000001","2.5790766908838556"
"8.4949424","2.580781185309604"
"8.5072897","2.5824801219186213"
"8.519637","2.5841735017242122"
"8.5319843","2.585861325736115"
"8.5443316","2.587543594960515"
"8.5566789","2.5892203104000444"
"8.5690262","2.5908914730537873"
"8.5813735","2.5925570839172742"
"8.5937208","2.594217143982501"
"8.6060681","2.5958716542379108"
"8.6184154","2.597520615668415"
"8.6307627","2.5991640292553946"
"8.64311","2.6008018959766908"
"8.6554573","2.6024342168066212"
"8.6678046","2.604060992715972"
"8.6801519","2.6056822246720124"
"8.6924992","2.6072979136384866"
"8.7048465","2.6089080605756187"
"8.7171938","2.6105126664401332"
"8.7295411","2.612111732185223"
"8.7418884","2.613705258760586"
"8.7542357","2.6152932471124117"
"8.766583","2.616875698183385"
"8.7789303","2.618452612912691"
"8.7912776","2.6200239922360176"
"8.8036249","2.621589837085562"
"8.815972200000001","2.6231501483900246"
"8.828319500000001","2.624704927074621"
"8.840666800000001","2.6262541740610814"
"8.8530141","2.6277978902676473"
"8.8653614","2.6293360766090856"
"8.8777087","2.6308687339966887"
"8.890056","2.6323958633382603"
"8.9024033","2.6339174655381505"
"8.9147506","2.6354335414972248"
"8.9270979","2.636944092112895"
"8.9394452","2.6384491182790946"
"8.9517925","2.639948620886308"
"8.9641398","2.6414426008215592"
"8.9764871","2.6429310589684114"
"8.9888344","2.644413996206975"
"9.0011817","2.645891413413917"
"9.013529","2.647363311462449"
"9.0258763","2.648829691222346"
"9.0382236","2.6502905535599304"
"9.0505709","2.651745899338085"
"9.0629182","2.653195729416268"
"9.0752655","2.654640044650492"
"9.0876128","2.656078845893333"
"9.0999601","2.6575121339939507"
"9.1123074","2.658939909798068"
"9.1246547","2.6603621741479913"
"9.137002","2.661778927882594"
"9.1493493","2.6631901718373356"
"9.1616966","2.6645959068442586"
"9.174043900000001","2.6659961337319977"
"9.186391200000001","2.667390853325763"
"9.198738500000001","2.668780066447365"
"9.211085800000001","2.670163773915199"
"9.2234331","2.671541976544262"
"9.2357804","2.6729146751461457"
"9.2481277","2.674281870529043"
"9.260475","2.6756435634977542"
"9.2728223","2.676999754853675"
"9.2851696","2.6783504453948126"
"9.2975169","2.679695635915788"
"9.3098642","2.6810353272078267"
"9.3222115","2.6823695200587814"
"9.3345588","2.6836982152531057"
"9.3469061","2.685021413571885"
"9.3592534","2.686339115792819"
"9.3716007","2.687651322690236"
"9.383948","2.6889580350350855"
"9.3962953","2.6902592535949523"
"9.4086426","2.6915549791340467"
"9.4209899","2.6928452124132143"
"9.4333372","2.6941299541899326"
"9.4456845","2.695409205218322"
"9.4580318","2.696682966249142"
"9.4703791","2.6979512380297876"
"9.4827264","2.699214021304307"
"9.4950737","2.700471316813392"
"9.507421","2.701723125294375"
"9.5197683","2.702969447481255"
"9.532115600000001","2.7042102841046685"
"9.544462900000001","2.705445635891916"
"9.556810200000001","2.706675503566956"
"9.569157500000001","2.7078998878504024"
"9.5815048","2.7091187894595343"
"9.5938521","2.7103322091082873"
"9.6061994","2.711540147507275"
"9.6185467","2.712742605363772"
"9.630894","2.7139395833817197"
"9.6432413","2.715131082261742"
"9.6555886","2.7163171027011224"
"9.6679359","2.7174976453938378"
"9.6802832","2.7186727110305284"
"9.6926305","2.7198423002985272"
"9.7049778","2.7210064138818417"
"9.7173251","2.722165052461161"
"9.7296724","2.7233182167138743"
"9.7420197","2.7244659073140483"
"9.754367","2.7256081249324424"
"9.7667143","2.7267448702365087"
"9.7790616","2.727876143890395"
"9.7914089","2.729001946554945"
"9.8037562","2.7301222788877055"
"9.8161035","2.731237141542909"
"9.8284508","2.7323465351715086"
"9.8407981","2.7334504604211496"
"9.8531454","2.734548917936184"
"9.8654927","2.7356419083576853"
"9.87784","2.7367294323234184"
"9.890187300000001","2.737811490467866"
"9.902534600000001","2.7388880834222356"
"9.914881900000001","2.73995921181443"
"9.927229200000001","2.7410248762690905"
"9.9395765","2.7420850774075625"
"9.9519238","2.743139815847922"
"9.9642711","2.7441890922049588"
"9.9766184","2.7452329070901946"
"9.9889657","2.7462712611118754"
"10.001313","2.747304154874975"
"10.0136603","2.748331588981195"
"10.0260076","2.7493535640289757"
"10.0383549","2.7503700806134823"
"10.0507022","2.751381139326625"
"10.0630495","2.7523867407570393"
"10.0753968","2.7533868854901087"
"10.0877441","2.7543815741079527"
"10.1000914","2.75537080718944"
"10.1124387","2.7563545853101736"
"10.124786","2.7573329090425034"
"10.1371333","2.7583057789555383"
"10.1494806","2.759273195615119"
"10.1618279","2.76023515958385"
"10.1741752","2.7611916714210807"
"10.1865225","2.7621427316829177"
"10.1988698","2.7630883409222236"
"10.2112171","2.7640284996886137"
"10.2235644","2.7649632085284708"
"10.2359117","2.76589246798493"
"10.248259000000001","2.76681627859789"
"10.260606300000001","2.7677346409040133"
"10.272953600000001","2.768647555436729"
"10.285300900000001","2.7695550227262338"
"10.2976482","2.7704570432994906"
"10.3099955","2.77135361768023"
"10.3223428","2.7722447463889566"
"10.3346901","2.773130429942949"
"10.3470374","2.7740106688562562"
"10.3593847","2.774885463639709"
"10.371732","2.7757548148009086"
"10.3840793","2.7766187228442405"
"10.3964266","2.777477188270865"
"10.4087739","2.77833021157873"
"10.4211212","2.779177793262562"
"10.4334685","2.780019933813879"
"10.4458158","2.7808566337209726"
"10.4581631","2.7816878934689377"
"10.4705104","2.7825137135396396"
"10.4828577","2.783334094411753"
"10.495205","2.7841490365607307"
"10.5075523","2.7849585404588275"
"10.5198996","2.78576260657508"
"10.5322469","2.7865612353753377"
"10.5445942","2.787354427322235"
"10.5569415","2.7881421828752124"
"10.5692888","2.7889245024904987"
"10.5816361","2.7897013866211395"
"10.5939834","2.790472835716969"
"10.606330700000001","2.7912388502246337"
"10.618678000000001","2.791999430587584"
"10.631025300000001","2.792754577246072"
"10.643372600000001","2.7935042906371628"
"10.655719900000001","2.794248571194732"
"10.6680672","2.7949874193494573"
"10.6804145","2.795720835528833"
"10.6927618","2.796448820157167"
"10.7051091","2.7971713736555834"
"10.7174564","2.7978884964420097"
"10.7298037","2.7986001889312035"
"10.742151","2.7993064515347363"
"10.7544983","2.8000072846609925"
"10.7668456","2.800702688715184"
"10.7791929","2.801392664099339"
"10.7915402","2.802077211212307"
"10.8038875","2.802756330449771"
"10.8162348","2.803430022204221"
"10.8285821","2.804098286864992"
"10.8409294","2.8047611248182314"
"10.8532767","2.805418536446922"
"10.865624","2.8060705221308737"
"10.8779713","2.8067170822467276"
"10.8903186","2.8073582171679554"
"10.9026659","2.8079939272648566"
"10.9150132","2.808624212904572"
"10.9273605","2.809249074451074"
"10.9397078","2.8098685122651723"
"10.9520551","2.810482526704508"
"10.9644024","2.81109111812356"
"10.976749700000001","2.811694286873653"
"10.989097000000001","2.812292033302949"
"11.001444300000001","2.8128843577564453"
"11.013791600000001","2.813471260575991"
"11.0261389","2.814052742100259"
"11.0384862","2.8146288026647923"
"11.0508335","2.8151994426019584"
"11.0631808","2.815764662240973"
"11.0755281","2.816324461907911"
"11.0878754","2.8168788419256785"
"11.1002227","2.8174278026140414"
"11.11257","2.81797134428961"
"11.1249173","2.818509467265848"
"11.1372646","2.8190421718530665"
"11.1496119","2.81956945835843"
"11.1619592","2.820091327085958"
"11.1743065","2.8206077783365195"
"11.1866538","2.821118812407846"
"11.1990011","2.821624429594518"
"11.2113484","2.8221246301879717"
"11.2236957","2.822619414476506"
"11.236043","2.8231087827452725"
"11.2483903","2.8235927352762893"
"11.2607376","2.824071272348423"
"11.2730849","2.8245443942374138"
"11.2854322","2.8250121012158473"
"11.2977795","2.82547439355319"
"11.3101268","2.8259312715157563"
"11.3224741","2.8263827353667317"
"11.334821400000001","2.8268287853661604"
"11.347168700000001","2.8272694217709606"
"11.359516000000001","2.8277046448349132"
"11.371863300000001","2.8281344548086587"
"11.3842106","2.828558851939711"
"11.3965579","2.828977836472454"
"11.4089052","2.829391408648135"
"11.4212525","2.8297995687048783"
"11.4335998","2.8302023168776707"
"11.4459471","2.830599653398373"
"11.4582944","2.83099157849572"
"11.4706417","2.831378092395312"
"11.482989","2.831759195319627"
"11.4953363","2.832134887488021"
"11.5076836","2.8325051691167147"
"11.5200309","2.832870040418811"
"11.5323782","2.8332295016042828"
"11.5447255","2.833583552879979"
"11.5570728","2.8339321944496305"
"11.5694201","2.8342754265138446"
"11.5817674","2.834613249270099"
"11.5941147","2.834945662912755"
"11.606462","2.835272667633056"
"11.6188093","2.8355942636191216"
"11.6311566","2.8359104510559447"
"11.6435039","2.836221230125414"
"11.6558512","2.836526601006284"
"11.6681985","2.836826563874194"
"11.6805458","2.8371211189016776"
"11.692893100000001","2.837410266258132"
"11.705240400000001","2.837694006109853"
"11.717587700000001","2.8379723386200126"
"11.729935000000001","2.8382452639486715"
"11.7422823","2.8385127822527636"
"11.7546296","2.8387748936861215"
"11.7669769","2.839031598399451"
"11.7793242","2.8392828965403574"
"11.7916715","2.839528788253322"
"11.8040188","2.8397692736797104"
"11.8163661","2.8400043529577843"
"11.8287134","2.840234026222692"
"11.8410607","2.84045829360646"
"11.853408","2.8406771552380086"
"11.8657553","2.840890611243154"
"11.8781026","2.841098661744585"
"11.8904499","2.8413013068618937"
"11.9027972","2.841498546711559"
"11.9151445","2.8416903814069485"
"11.9274918","2.8418768110583166"
"11.9398391","2.8420578357728097"
"11.9521864","2.842233455654469"
"11.9645337","2.84240367080422"
"11.976881","2.8425684813198906"
"11.9892283","2.842727887296192"
"12.0015756","2.842881888824728"
"12.0139229","2.8430304859939923"
"12.0262702","2.843173678889382"
"12.0386175","2.8433114675931783"
"12.050964800000001","2.8434438521845493"
"12.063312100000001","2.843570832739573"
"12.075659400000001","2.843692409331208"
"12.088006700000001","2.843808582029311"
"12.100354000000001","2.843919350900631"
"12.1127013","2.844024716008814"
"12.1250486","2.844124677414399"
"12.1373959","2.844219235174812"
"12.1497432","2.8443083893443912"
"12.1620905","2.8443921399743495"
"12.1744378","2.8444704871128046"
"12.1867851","2.8445434308047766"
"12.1991324","2.8446109710921625"
"12.2114797","2.844673108013769"
"12.223827","2.8447298416052966"
"12.2361743","2.844781171899335"
"12.2485216","2.844827098925375"
"12.2608689","2.844867622709799"
"12.2732162","2.844902743275888"
"12.2855635","2.8449324606438253"
"12.2979108","2.8449567748306706"
"12.3102581","2.8449756858504003"
"12.3226054","2.844989193713875"
"12.3349527","2.8449972984288543"
"12.3349527","2.5605"
"13.4729527","2.5605"
"13.4729527","2.8449972984288543"
"20.3009527","2.8449972984288543"
"23.0890527","2.2760000000000002"
"23.0890527","0.0"
